{"cameraMode":{"drawMode":0,"name":"Shaded","section":"Shading Mode"},"sceneLighting":false,"audioPlay":false,"sceneViewState":{"showFog":true,"showMaterialUpdate":false,"showSkybox":false,"showFlares":true,"showImageEffects":true,"showParticleSystems":true},"in2DMode":false,"pivot":{"x":0.000049091875553131104,"y":0.9872671365737915,"z":-9.073319435119629},"rotation":{"x":-0.16942322254180909,"y":-0.5473864078521729,"z":0.1142757385969162,"w":-0.8115503787994385},"size":0.7467635273933411,"orthographic":false}