{"cameraMode":{"drawMode":0,"name":"Shaded","section":"Shading Mode"},"sceneLighting":true,"audioPlay":false,"sceneViewState":{"showFog":true,"showMaterialUpdate":false,"showSkybox":true,"showFlares":true,"showImageEffects":true,"showParticleSystems":true},"in2DMode":false,"pivot":{"x":545.4723510742188,"y":3.021304130554199,"z":477.3204650878906},"rotation":{"x":-0.009309257380664349,"y":-0.01290135458111763,"z":0.00011969643674092367,"w":-0.9998738765716553},"size":27.22693634033203,"orthographic":false}