{"cameraMode":{"drawMode":0,"name":"Shaded","section":"Shading Mode"},"sceneLighting":true,"audioPlay":false,"sceneViewState":{"showFog":true,"showMaterialUpdate":false,"showSkybox":true,"showFlares":true,"showImageEffects":true,"showParticleSystems":true},"in2DMode":false,"pivot":{"x":-0.7496376037597656,"y":1.5556492805480958,"z":0.4391942024230957},"rotation":{"x":0.05192139744758606,"y":0.18056315183639527,"z":-0.009518296457827092,"w":0.9821664690971375},"size":3.1442863941192629,"orthographic":false}